[
  {
    "value": "homepage",
    "synonyms": [
      "homepage",
      "home",
      "index"
    ]
  },
  {
    "value": "cart",
    "synonyms": [
      "cart",
      "cart page",
      "shopping cart"
    ]
  },
  {
    "value": "cart review page",
    "synonyms": [
      "cart review page",
      "cart review"
    ]
  },
  {
    "value": "cart confirm page",
    "synonyms": [
      "cart confirm page",
      "cart confirm",
      "cart confirmation page"
    ]
  },
  {
    "value": "login page",
    "synonyms": [
      "login page",
      "sign in page"
    ]
  },
  {
    "value": "signup page",
    "synonyms": [
      "signup page",
      "sign up page"
    ]
  }
]