[
  {
    "value": "wisconsin leggings",
    "synonyms": [
      "wisconsin leggings"
    ]
  },
  {
    "value": "bucky badger leggings",
    "synonyms": [
      "bucky badger leggings"
    ]
  },
  {
    "value": "jump around shirt",
    "synonyms": [
      "jump around shirt"
    ]
  },
  {
    "value": "women’s wisconsin cuddle joggers",
    "synonyms": [
      "women’s wisconsin cuddle joggers"
    ]
  },
  {
    "value": "wisconsin running shorts",
    "synonyms": [
      "wisconsin running shorts"
    ]
  },
  {
    "value": "bucky crew neck sweatshirt",
    "synonyms": [
      "bucky crew neck sweatshirt",
      "bucky sweatshirt"
    ]
  },
  {
    "value": "wisconsin football hat",
    "synonyms": [
      "wisconsin football hat"
    ]
  },
  {
    "value": "white wisconsin visor",
    "synonyms": [
      "white wisconsin visor"
    ]
  },
  {
    "value": "150 year commemorative hoodie",
    "synonyms": [
      "150 year commemorative hoodie",
      "hoodie"
    ]
  },
  {
    "value": "bucky badger plush",
    "synonyms": [
      "bucky badger plush",
      "badger plush"
    ]
  },
  {
    "value": "game day bucky plush",
    "synonyms": [
      "game day bucky plush",
      "game day badger plush"
    ]
  },
  {
    "value": "w cloud pillow",
    "synonyms": [
      "w cloud pillow",
      "cloud pillow"
    ]
  },
  {
    "value": "bucky badger pillow",
    "synonyms": [
      "bucky badger pillow",
      "badger pillow"
    ]
  },
  {
    "value": "bucky badger keychain",
    "synonyms": [
      "bucky badger keychain",
      "badger keychain"
    ]
  },
  {
    "value": "wisconsin sweatpants",
    "synonyms": [
      "wisconsin sweatpants",
      "sweatpants"
    ]
  },
  {
    "value": "wisconsin qualifier woven short",
    "synonyms": [
      "wisconsin qualifier woven short",
      "woven short"
    ]
  }
]