[
  {
    "id": "63ece8d6-75e3-4dea-b16e-cb7aa679aeb3",
    "data": [
      {
        "text": "I want to buy everything in the cart",
        "userDefined": false
      }
    ],
    "isTemplate": false,
    "count": 0,
    "lang": "en",
    "updated": 0
  },
  {
    "id": "c8c43eb7-37d5-45bb-bb55-5b32d4019b8d",
    "data": [
      {
        "text": "can I buy the items in my cart",
        "userDefined": false
      }
    ],
    "isTemplate": false,
    "count": 0,
    "lang": "en",
    "updated": 0
  },
  {
    "id": "ca7dfe47-f8c2-4f7e-ac2d-15e339034d9e",
    "data": [
      {
        "text": "I want to buy these things",
        "userDefined": false
      }
    ],
    "isTemplate": false,
    "count": 0,
    "lang": "en",
    "updated": 0
  },
  {
    "id": "950a65f8-a1c2-466f-95e8-c984132d957c",
    "data": [
      {
        "text": "I want to purchase items in my cart",
        "userDefined": false
      }
    ],
    "isTemplate": false,
    "count": 0,
    "lang": "en",
    "updated": 0
  },
  {
    "id": "2071bd67-edad-4128-86c7-f18c4caf89fa",
    "data": [
      {
        "text": "I want to review the order",
        "userDefined": false
      }
    ],
    "isTemplate": false,
    "count": 0,
    "lang": "en",
    "updated": 0
  },
  {
    "id": "9cb2685e-4e96-485e-b435-02cce83f813e",
    "data": [
      {
        "text": "take me to checkout",
        "userDefined": false
      }
    ],
    "isTemplate": false,
    "count": 0,
    "lang": "en",
    "updated": 0
  },
  {
    "id": "4bbd0f9d-e1a7-4b76-8d49-a46a4c659ab0",
    "data": [
      {
        "text": "proceed to checkout",
        "userDefined": false
      }
    ],
    "isTemplate": false,
    "count": 0,
    "lang": "en",
    "updated": 0
  },
  {
    "id": "9de4b450-22c1-4dc5-a78d-645d37bad226",
    "data": [
      {
        "text": "May I check out",
        "userDefined": false
      }
    ],
    "isTemplate": false,
    "count": 0,
    "lang": "en",
    "updated": 0
  },
  {
    "id": "301ca0e9-53ff-4a57-acfb-56f406afda9d",
    "data": [
      {
        "text": "I would like to check out",
        "userDefined": false
      }
    ],
    "isTemplate": false,
    "count": 0,
    "lang": "en",
    "updated": 0
  },
  {
    "id": "220df1fd-8d39-44ea-8406-f0112dea0c33",
    "data": [
      {
        "text": "check me out",
        "userDefined": false
      }
    ],
    "isTemplate": false,
    "count": 0,
    "lang": "en",
    "updated": 0
  }
]