[
  {
    "id": "83144651-866d-4b99-a38e-b91b644a1697",
    "data": [
      {
        "text": "I want to get back to the ",
        "userDefined": false
      },
      {
        "text": "homepage",
        "meta": "@page",
        "alias": "page",
        "userDefined": true
      }
    ],
    "isTemplate": false,
    "count": 0,
    "lang": "en",
    "updated": 0
  },
  {
    "id": "ad781a5f-b436-43ba-9d66-35b27ef02cc4",
    "data": [
      {
        "text": "I would like to see the ",
        "userDefined": false
      },
      {
        "text": "cart",
        "meta": "@page",
        "alias": "page",
        "userDefined": true
      },
      {
        "text": " page",
        "userDefined": false
      }
    ],
    "isTemplate": false,
    "count": 0,
    "lang": "en",
    "updated": 0
  },
  {
    "id": "009dd1f7-27a2-429e-9ebe-98a619739fb9",
    "data": [
      {
        "text": "go to the ",
        "userDefined": false
      },
      {
        "text": "cart",
        "meta": "@page",
        "alias": "page",
        "userDefined": true
      }
    ],
    "isTemplate": false,
    "count": 0,
    "lang": "en",
    "updated": 0
  },
  {
    "id": "ed1dacf1-e037-4f3c-9e0a-0a444262324a",
    "data": [
      {
        "text": "show me all the ",
        "userDefined": false
      },
      {
        "text": "sweatshirts",
        "meta": "@category",
        "alias": "category",
        "userDefined": false
      }
    ],
    "isTemplate": false,
    "count": 0,
    "lang": "en",
    "updated": 0
  },
  {
    "id": "f5766281-f78b-4569-9240-e8ce1671082a",
    "data": [
      {
        "text": "show me all the ",
        "userDefined": false
      },
      {
        "text": "hats",
        "meta": "@category",
        "alias": "category",
        "userDefined": false
      }
    ],
    "isTemplate": false,
    "count": 0,
    "lang": "en",
    "updated": 0
  },
  {
    "id": "95cb0054-ff3e-4302-a024-69face9512ba",
    "data": [
      {
        "text": "show the ",
        "userDefined": false
      },
      {
        "text": "cart",
        "meta": "@page",
        "alias": "page",
        "userDefined": true
      },
      {
        "text": " page",
        "userDefined": false
      }
    ],
    "isTemplate": false,
    "count": 0,
    "lang": "en",
    "updated": 0
  },
  {
    "id": "cbb09393-8b3b-49f6-b363-e1baf39f0b14",
    "data": [
      {
        "text": "navigate to the ",
        "userDefined": false
      },
      {
        "text": "homepage",
        "meta": "@page",
        "alias": "page",
        "userDefined": true
      }
    ],
    "isTemplate": false,
    "count": 0,
    "lang": "en",
    "updated": 0
  },
  {
    "id": "9c1035b4-4d39-4b0f-b1b9-2ac850208aca",
    "data": [
      {
        "text": "I want to go to the ",
        "userDefined": false
      },
      {
        "text": "homepage",
        "meta": "@page",
        "alias": "page",
        "userDefined": true
      }
    ],
    "isTemplate": false,
    "count": 0,
    "lang": "en",
    "updated": 0
  },
  {
    "id": "4b67c18e-42cd-4b60-8cb9-86af5e46f6d8",
    "data": [
      {
        "text": "take me to the ",
        "userDefined": false
      },
      {
        "text": "cart",
        "meta": "@page",
        "alias": "page",
        "userDefined": true
      },
      {
        "text": " page",
        "userDefined": false
      }
    ],
    "isTemplate": false,
    "count": 0,
    "lang": "en",
    "updated": 0
  },
  {
    "id": "1e0c5f0f-0fd4-4b67-8ca3-6d38e41bb2a1",
    "data": [
      {
        "text": "take me to the ",
        "userDefined": false
      },
      {
        "text": "homepage",
        "meta": "@page",
        "alias": "page",
        "userDefined": true
      }
    ],
    "isTemplate": false,
    "count": 0,
    "lang": "en",
    "updated": 0
  }
]