[
  {
    "id": "92fd6404-7628-4d8c-8b37-23cb5e98eb4f",
    "data": [
      {
        "text": "I want to remove the ",
        "userDefined": false
      },
      {
        "text": "first",
        "meta": "@sys.ordinal",
        "alias": "ordinal",
        "userDefined": false
      },
      {
        "text": " item in my cart",
        "userDefined": false
      }
    ],
    "isTemplate": false,
    "count": 0,
    "lang": "en",
    "updated": 0
  },
  {
    "id": "c9bf73dd-2c2c-4092-a35b-ccd2ab49a242",
    "data": [
      {
        "text": "remove the ",
        "userDefined": false
      },
      {
        "text": "second",
        "meta": "@sys.ordinal",
        "alias": "ordinal",
        "userDefined": true
      },
      {
        "text": " item",
        "userDefined": false
      }
    ],
    "isTemplate": false,
    "count": 0,
    "lang": "en",
    "updated": 0
  },
  {
    "id": "646e93ce-08ae-4af3-87f7-905ad654fa25",
    "data": [
      {
        "text": "remove the ",
        "userDefined": false
      },
      {
        "text": "second",
        "meta": "@sys.ordinal",
        "alias": "ordinal",
        "userDefined": true
      },
      {
        "text": " product from my cart",
        "userDefined": false
      }
    ],
    "isTemplate": false,
    "count": 0,
    "lang": "en",
    "updated": 0
  },
  {
    "id": "d816345d-6c40-4dca-817b-386940de8521",
    "data": [
      {
        "text": "can you remove this ",
        "userDefined": false
      },
      {
        "text": "bucky sweatshirt",
        "meta": "@product",
        "alias": "product",
        "userDefined": true
      },
      {
        "text": " from my cart",
        "userDefined": false
      }
    ],
    "isTemplate": false,
    "count": 0,
    "lang": "en",
    "updated": 0
  },
  {
    "id": "90627ddd-a665-460d-a0e4-c6a2d0e0f484",
    "data": [
      {
        "text": "remove the ",
        "userDefined": false
      },
      {
        "text": "badger plush",
        "meta": "@product",
        "alias": "product",
        "userDefined": true
      },
      {
        "text": " from my cart",
        "userDefined": false
      }
    ],
    "isTemplate": false,
    "count": 0,
    "lang": "en",
    "updated": 0
  },
  {
    "id": "3d6fbe5b-4c40-44ba-a741-e51126104e3f",
    "data": [
      {
        "text": "I don\u0027t want the ",
        "userDefined": false
      },
      {
        "text": "wisconsin football",
        "meta": "@product",
        "alias": "product",
        "userDefined": true
      },
      {
        "text": " ",
        "userDefined": false
      },
      {
        "text": "hat",
        "meta": "@sys.ignore",
        "userDefined": false
      },
      {
        "text": " anymore",
        "userDefined": false
      }
    ],
    "isTemplate": false,
    "count": 0,
    "lang": "en",
    "updated": 0
  },
  {
    "id": "976483c4-c10d-427e-a170-ed0871c0502b",
    "data": [
      {
        "text": "remove the ",
        "userDefined": false
      },
      {
        "text": "bucky sweatshirt",
        "meta": "@product",
        "alias": "product",
        "userDefined": true
      }
    ],
    "isTemplate": false,
    "count": 0,
    "lang": "en",
    "updated": 0
  },
  {
    "id": "d38d9004-8c09-47bb-a283-881d6c36362a",
    "data": [
      {
        "text": "help me remove the ",
        "userDefined": false
      },
      {
        "text": "third",
        "meta": "@sys.ordinal",
        "alias": "ordinal",
        "userDefined": false
      },
      {
        "text": " item please",
        "userDefined": false
      }
    ],
    "isTemplate": false,
    "count": 0,
    "lang": "en",
    "updated": 0
  },
  {
    "id": "7a7ebe5c-a354-465f-84fb-bd05890221a3",
    "data": [
      {
        "text": "I want to remove the ",
        "userDefined": false
      },
      {
        "text": "jump around T-shirt",
        "meta": "@product",
        "alias": "product",
        "userDefined": true
      },
      {
        "text": " from my cart",
        "userDefined": false
      }
    ],
    "isTemplate": false,
    "count": 0,
    "lang": "en",
    "updated": 0
  },
  {
    "id": "1b0da44d-d7e8-4a81-ba38-f71fc7687dd8",
    "data": [
      {
        "text": "I would like to remove the ",
        "userDefined": false
      },
      {
        "text": "first",
        "meta": "@sys.ordinal",
        "alias": "ordinal",
        "userDefined": false
      },
      {
        "text": " item from the cart",
        "userDefined": false
      }
    ],
    "isTemplate": false,
    "count": 0,
    "lang": "en",
    "updated": 0
  }
]