[
  {
    "id": "a9f6167c-9851-491e-ae0c-0aaa1867947c",
    "data": [
      {
        "text": "I want to remove everything from the cart",
        "userDefined": false
      }
    ],
    "isTemplate": false,
    "count": 0,
    "lang": "en",
    "updated": 0
  },
  {
    "id": "3102d7f4-0fe2-40b3-ba73-a045fbf5eeca",
    "data": [
      {
        "text": "can you empty my cart",
        "userDefined": false
      }
    ],
    "isTemplate": false,
    "count": 0,
    "lang": "en",
    "updated": 0
  },
  {
    "id": "3c49ef9d-8d25-406f-ac9f-a7c026859ac4",
    "data": [
      {
        "text": "please remove all the items from my cart",
        "userDefined": false
      }
    ],
    "isTemplate": false,
    "count": 0,
    "lang": "en",
    "updated": 0
  },
  {
    "id": "928d31b8-fd0b-49b4-9757-d00690404d2a",
    "data": [
      {
        "text": "I want to empty my cart",
        "userDefined": false
      }
    ],
    "isTemplate": false,
    "count": 0,
    "lang": "en",
    "updated": 0
  },
  {
    "id": "f823152e-fd53-45e9-bf5d-7c30d25b9b91",
    "data": [
      {
        "text": "remove everything from my cart",
        "userDefined": false
      }
    ],
    "isTemplate": false,
    "count": 0,
    "lang": "en",
    "updated": 0
  },
  {
    "id": "c27e9705-bc64-4beb-a814-e9fd42738c7a",
    "data": [
      {
        "text": "could you clear my cart please",
        "userDefined": false
      }
    ],
    "isTemplate": false,
    "count": 0,
    "lang": "en",
    "updated": 0
  },
  {
    "id": "fb247220-e0e7-48e2-8572-9da5b295c7c8",
    "data": [
      {
        "text": "remove all from my cart",
        "userDefined": false
      }
    ],
    "isTemplate": false,
    "count": 0,
    "lang": "en",
    "updated": 0
  },
  {
    "id": "f9973a3a-8ed4-4639-b2be-c54d98edddf7",
    "data": [
      {
        "text": "I would like to clear my cart",
        "userDefined": false
      }
    ],
    "isTemplate": false,
    "count": 0,
    "lang": "en",
    "updated": 0
  },
  {
    "id": "dacf800a-6eb5-41eb-9799-ce68e6fe4980",
    "data": [
      {
        "text": "I want to remove all the items from my cart",
        "userDefined": false
      }
    ],
    "isTemplate": false,
    "count": 0,
    "lang": "en",
    "updated": 0
  },
  {
    "id": "32f21b4c-d0ed-4ea3-889e-cee918ecfda8",
    "data": [
      {
        "text": "empty the cart",
        "userDefined": false
      }
    ],
    "isTemplate": false,
    "count": 0,
    "lang": "en",
    "updated": 0
  }
]