[
  {
    "id": "4e2cdc55-ccc9-4ccb-9206-b7a24a7cc9c4",
    "data": [
      {
        "text": "I would like to buy a ",
        "userDefined": false
      },
      {
        "text": "white",
        "meta": "@tag",
        "alias": "tag",
        "userDefined": false
      },
      {
        "text": " ",
        "userDefined": false
      },
      {
        "text": "hat",
        "meta": "@sys.ignore",
        "userDefined": false
      }
    ],
    "isTemplate": false,
    "count": 0,
    "lang": "en",
    "updated": 0
  },
  {
    "id": "32d9db0b-0e68-453f-bd7e-53e6699d8562",
    "data": [
      {
        "text": "I want to have a ",
        "userDefined": false
      },
      {
        "text": "red",
        "meta": "@tag",
        "alias": "tag",
        "userDefined": false
      },
      {
        "text": " ",
        "userDefined": false
      },
      {
        "text": "hat",
        "meta": "@sys.ignore",
        "userDefined": false
      }
    ],
    "isTemplate": false,
    "count": 0,
    "lang": "en",
    "updated": 0
  },
  {
    "id": "8a56cbd9-f806-467b-b63a-a9895d18a908",
    "data": [
      {
        "text": "I need to purchase a ",
        "userDefined": false
      },
      {
        "text": "longsleeve",
        "meta": "@tag",
        "alias": "tag",
        "userDefined": false
      },
      {
        "text": " ",
        "userDefined": false
      },
      {
        "text": "sweatshirt",
        "meta": "@sys.ignore",
        "userDefined": false
      }
    ],
    "isTemplate": false,
    "count": 0,
    "lang": "en",
    "updated": 0
  },
  {
    "id": "79fdbec8-0329-43b9-8399-c3516f2b895a",
    "data": [
      {
        "text": "I want to buy a pair of ",
        "userDefined": false
      },
      {
        "text": "pants",
        "meta": "@tag",
        "alias": "tag",
        "userDefined": true
      }
    ],
    "isTemplate": false,
    "count": 0,
    "lang": "en",
    "updated": 0
  },
  {
    "id": "850dd716-3780-48cb-9870-45b72d166c73",
    "data": [
      {
        "text": "only show ",
        "userDefined": false
      },
      {
        "text": "pillow",
        "meta": "@tag",
        "alias": "tag",
        "userDefined": true
      },
      {
        "text": " ",
        "userDefined": false
      },
      {
        "text": "plushies",
        "meta": "@sys.ignore",
        "userDefined": false
      }
    ],
    "isTemplate": false,
    "count": 0,
    "lang": "en",
    "updated": 0
  },
  {
    "id": "260f2fdd-cef4-4111-ba32-67b7f36ea05f",
    "data": [
      {
        "text": "I would like a ",
        "userDefined": false
      },
      {
        "text": "red",
        "meta": "@tag",
        "alias": "tag",
        "userDefined": false
      },
      {
        "text": " ",
        "userDefined": false
      },
      {
        "text": "plush",
        "meta": "@sys.ignore",
        "userDefined": false
      }
    ],
    "isTemplate": false,
    "count": 0,
    "lang": "en",
    "updated": 0
  },
  {
    "id": "8f4b98d7-eb28-48b0-8424-a72913fecc37",
    "data": [
      {
        "text": "find a ",
        "userDefined": false
      },
      {
        "text": "badger",
        "meta": "@tag",
        "alias": "tag",
        "userDefined": false
      },
      {
        "text": " ",
        "userDefined": false
      },
      {
        "text": "plush",
        "meta": "@sys.ignore",
        "userDefined": false
      },
      {
        "text": " for me",
        "userDefined": false
      }
    ],
    "isTemplate": false,
    "count": 0,
    "lang": "en",
    "updated": 0
  },
  {
    "id": "16506502-cc6c-4c2a-a8cc-236d0c139a58",
    "data": [
      {
        "text": "I need a ",
        "userDefined": false
      },
      {
        "text": "plush",
        "meta": "@sys.ignore",
        "userDefined": false
      },
      {
        "text": " with a ",
        "userDefined": false
      },
      {
        "text": "logo",
        "meta": "@tag",
        "alias": "tag",
        "userDefined": false
      }
    ],
    "isTemplate": false,
    "count": 0,
    "lang": "en",
    "updated": 0
  },
  {
    "id": "407d6fee-48c3-4cdb-9caf-eb7ff9c52f4d",
    "data": [
      {
        "text": "please show me ",
        "userDefined": false
      },
      {
        "text": "women",
        "meta": "@tag",
        "alias": "tag",
        "userDefined": false
      },
      {
        "text": "\u0027s ",
        "userDefined": false
      },
      {
        "text": "shirts",
        "meta": "@sys.ignore",
        "userDefined": true
      }
    ],
    "isTemplate": false,
    "count": 0,
    "lang": "en",
    "updated": 0
  },
  {
    "id": "0c2eaeaa-4dac-4cab-9645-f9b0218e8510",
    "data": [
      {
        "text": "show me all the ",
        "userDefined": false
      },
      {
        "text": "red",
        "meta": "@tag",
        "alias": "tag",
        "userDefined": false
      },
      {
        "text": " ones",
        "userDefined": false
      }
    ],
    "isTemplate": false,
    "count": 0,
    "lang": "en",
    "updated": 0
  }
]