[
  {
    "id": "1e8589a2-1240-4591-ba34-e64fc6b244e9",
    "data": [
      {
        "text": "add this item to the cart for me",
        "userDefined": false
      }
    ],
    "isTemplate": false,
    "count": 0,
    "lang": "en",
    "updated": 0
  },
  {
    "id": "cf966fdc-2634-4033-9ec2-e944be6212e7",
    "data": [
      {
        "text": "add this product to my cart please",
        "userDefined": false
      }
    ],
    "isTemplate": false,
    "count": 0,
    "lang": "en",
    "updated": 0
  },
  {
    "id": "df1779ab-d501-4dd3-84f1-1c43e3f8bebc",
    "data": [
      {
        "text": "add this item to the cart for me please",
        "userDefined": false
      }
    ],
    "isTemplate": false,
    "count": 0,
    "lang": "en",
    "updated": 0
  },
  {
    "id": "3c1c0481-f007-4595-bf8a-9ce49f152543",
    "data": [
      {
        "text": "can you add this ",
        "userDefined": false
      },
      {
        "text": "sweatshirt",
        "meta": "@sys.ignore",
        "userDefined": false
      },
      {
        "text": " to my cart",
        "userDefined": false
      }
    ],
    "isTemplate": false,
    "count": 0,
    "lang": "en",
    "updated": 0
  },
  {
    "id": "7012f625-7d33-4d3c-80db-8b31996d870d",
    "data": [
      {
        "text": "I would like to add this item to my cart",
        "userDefined": false
      }
    ],
    "isTemplate": false,
    "count": 0,
    "lang": "en",
    "updated": 0
  },
  {
    "id": "d9c439d2-37aa-4bcb-a4bf-8f744dc924f5",
    "data": [
      {
        "text": "add this ",
        "userDefined": false
      },
      {
        "text": "hat",
        "meta": "@sys.ignore",
        "userDefined": false
      },
      {
        "text": " to the cart",
        "userDefined": false
      }
    ],
    "isTemplate": false,
    "count": 0,
    "lang": "en",
    "updated": 0
  },
  {
    "id": "f878d9cf-c1ed-44c2-8188-d73d4ffdcf1f",
    "data": [
      {
        "text": "add this ",
        "userDefined": false
      },
      {
        "text": "T-shirt",
        "meta": "@sys.ignore",
        "userDefined": false
      },
      {
        "text": " to my cart",
        "userDefined": false
      }
    ],
    "isTemplate": false,
    "count": 0,
    "lang": "en",
    "updated": 0
  },
  {
    "id": "d55f1d0a-54f8-4dc6-9a3a-2a02795728be",
    "data": [
      {
        "text": "add this product to the cart",
        "userDefined": false
      }
    ],
    "isTemplate": false,
    "count": 0,
    "lang": "en",
    "updated": 0
  },
  {
    "id": "fb57c52e-ebc9-46b3-b46a-7321efb7a956",
    "data": [
      {
        "text": "add to cart",
        "userDefined": false
      }
    ],
    "isTemplate": false,
    "count": 0,
    "lang": "en",
    "updated": 0
  },
  {
    "id": "a6da9286-732a-4423-8cec-dd8d9221db30",
    "data": [
      {
        "text": "I would like to add this to the cart",
        "userDefined": false
      }
    ],
    "isTemplate": false,
    "count": 0,
    "lang": "en",
    "updated": 0
  }
]