[
  {
    "id": "2519c176-ed26-448d-88a4-553649ccfe14",
    "data": [
      {
        "text": "what type of products is there",
        "userDefined": false
      }
    ],
    "isTemplate": false,
    "count": 0,
    "lang": "en",
    "updated": 0
  },
  {
    "id": "ea000aec-4838-4404-bd3c-c219ed5778cd",
    "data": [
      {
        "text": "I want to know what categories are there",
        "userDefined": false
      }
    ],
    "isTemplate": false,
    "count": 0,
    "lang": "en",
    "updated": 0
  },
  {
    "id": "2886d085-2d4c-49f8-8bda-441ebb88876c",
    "data": [
      {
        "text": "all categories",
        "userDefined": false
      }
    ],
    "isTemplate": false,
    "count": 0,
    "lang": "en",
    "updated": 0
  },
  {
    "id": "69f33e4b-69a5-408b-9b02-4bf1f286d6da",
    "data": [
      {
        "text": "can you tell me all kinds of products available",
        "userDefined": false
      }
    ],
    "isTemplate": false,
    "count": 0,
    "lang": "en",
    "updated": 0
  },
  {
    "id": "5c7025af-9fed-4834-8c74-06a477b311e4",
    "data": [
      {
        "text": "what can I find on WiscShop",
        "userDefined": false
      }
    ],
    "isTemplate": false,
    "count": 0,
    "lang": "en",
    "updated": 0
  },
  {
    "id": "849e1804-68c8-41c1-8e12-1c5d99ab8d9b",
    "data": [
      {
        "text": "what kind of clothes are available",
        "userDefined": false
      }
    ],
    "isTemplate": false,
    "count": 0,
    "lang": "en",
    "updated": 0
  },
  {
    "id": "dcf26871-7867-49d1-aae9-4e0b646c8d54",
    "data": [
      {
        "text": "what can I buy on this shopping website",
        "userDefined": false
      }
    ],
    "isTemplate": false,
    "count": 0,
    "lang": "en",
    "updated": 0
  },
  {
    "id": "b4093846-4ba8-4bc8-bd85-8b14647dd2a9",
    "data": [
      {
        "text": "all types of products",
        "userDefined": false
      }
    ],
    "isTemplate": false,
    "count": 0,
    "lang": "en",
    "updated": 0
  },
  {
    "id": "54738104-a034-4cc1-a3ed-279a8fe64d05",
    "data": [
      {
        "text": "please show me all types of products available",
        "userDefined": false
      }
    ],
    "isTemplate": false,
    "count": 0,
    "lang": "en",
    "updated": 0
  },
  {
    "id": "89094a75-5623-4f89-81bc-4d8d53fb3eff",
    "data": [
      {
        "text": "show me all the categories available",
        "userDefined": false
      }
    ],
    "isTemplate": false,
    "count": 0,
    "lang": "en",
    "updated": 0
  }
]