[
  {
    "id": "f5987c26-86b8-410e-a787-bb0987550967",
    "data": [
      {
        "text": "list the available tags of ",
        "userDefined": false
      },
      {
        "text": "hats",
        "meta": "@category",
        "alias": "category",
        "userDefined": false
      }
    ],
    "isTemplate": false,
    "count": 1,
    "lang": "en",
    "updated": 0
  },
  {
    "id": "6098b5f6-30a5-4c0b-a837-092c6fc32a0d",
    "data": [
      {
        "text": "what kind of options are available",
        "userDefined": false
      }
    ],
    "isTemplate": false,
    "count": 0,
    "lang": "en",
    "updated": 0
  },
  {
    "id": "0c49b4bb-a143-4c26-92d2-6b39bf174bc2",
    "data": [
      {
        "text": "what kinds of ",
        "userDefined": false
      },
      {
        "text": "sweatshirts",
        "meta": "@category",
        "alias": "category",
        "userDefined": false
      },
      {
        "text": " are there",
        "userDefined": false
      }
    ],
    "isTemplate": false,
    "count": 0,
    "lang": "en",
    "updated": 0
  },
  {
    "id": "2d0c562d-00e5-4fed-8baf-235a59c601d7",
    "data": [
      {
        "text": "tags",
        "userDefined": false
      }
    ],
    "isTemplate": false,
    "count": 0,
    "lang": "en",
    "updated": 0
  },
  {
    "id": "9caf1c2e-0910-4fd6-b1dc-5abf97a28726",
    "data": [
      {
        "text": "what tags are there",
        "userDefined": false
      }
    ],
    "isTemplate": false,
    "count": 0,
    "lang": "en",
    "updated": 0
  },
  {
    "id": "79599a24-9f6f-4b68-a188-df1dd9ff60e8",
    "data": [
      {
        "text": "I would like to see what tags are available",
        "userDefined": false
      }
    ],
    "isTemplate": false,
    "count": 0,
    "lang": "en",
    "updated": 0
  },
  {
    "id": "0f015f11-c7ba-4fdb-8237-820272ddc3c3",
    "data": [
      {
        "text": "show me the tags for ",
        "userDefined": false
      },
      {
        "text": "T-shirt",
        "meta": "@category",
        "alias": "category",
        "userDefined": false
      }
    ],
    "isTemplate": false,
    "count": 0,
    "lang": "en",
    "updated": 0
  },
  {
    "id": "afa8901d-4aea-4214-89d1-89bd084decc1",
    "data": [
      {
        "text": "what kind of ",
        "userDefined": false
      },
      {
        "text": "hats",
        "meta": "@category",
        "alias": "category",
        "userDefined": false
      },
      {
        "text": " are there",
        "userDefined": false
      }
    ],
    "isTemplate": false,
    "count": 0,
    "lang": "en",
    "updated": 0
  },
  {
    "id": "1f9afc89-100f-41c2-b740-a273de7c64a6",
    "data": [
      {
        "text": "please show me the kinds of ",
        "userDefined": false
      },
      {
        "text": "sweatshirts",
        "meta": "@category",
        "alias": "category",
        "userDefined": false
      },
      {
        "text": " available",
        "userDefined": false
      }
    ],
    "isTemplate": false,
    "count": 0,
    "lang": "en",
    "updated": 0
  },
  {
    "id": "2fc73e04-7337-4570-8a90-f1a2567cfb72",
    "data": [
      {
        "text": "show me all the tags available",
        "userDefined": false
      }
    ],
    "isTemplate": false,
    "count": 0,
    "lang": "en",
    "updated": 0
  }
]