[
  {
    "id": "06c76406-5bc8-4c32-82af-bdd7eb5e6015",
    "data": [
      {
        "text": "I want to know more about ",
        "userDefined": false
      },
      {
        "text": "bucky sweatshirt",
        "meta": "@product",
        "alias": "product",
        "userDefined": false
      }
    ],
    "isTemplate": false,
    "count": 0,
    "lang": "en",
    "updated": 0
  },
  {
    "id": "cc9c2678-84b0-4df2-b21b-c91d37e69f53",
    "data": [
      {
        "text": "show me the ",
        "userDefined": false
      },
      {
        "text": "bucky badger plush",
        "meta": "@product",
        "alias": "product",
        "userDefined": true
      }
    ],
    "isTemplate": false,
    "count": 0,
    "lang": "en",
    "updated": 0
  },
  {
    "id": "aa381f8c-bf21-463f-9abd-6d5452b2a942",
    "data": [
      {
        "text": "I want to know more about the ",
        "userDefined": false
      },
      {
        "text": "bucky badger plush",
        "meta": "@product",
        "alias": "product",
        "userDefined": true
      }
    ],
    "isTemplate": false,
    "count": 0,
    "lang": "en",
    "updated": 0
  },
  {
    "id": "9e8483c4-01f2-4936-91dd-3f005b3d3431",
    "data": [
      {
        "text": "show me some details of the ",
        "userDefined": false
      },
      {
        "text": "wisconsin football hat",
        "meta": "@product",
        "alias": "product",
        "userDefined": true
      }
    ],
    "isTemplate": false,
    "count": 0,
    "lang": "en",
    "updated": 0
  },
  {
    "id": "3c7e8f44-f1b0-4877-8dcb-33e4f55c6c58",
    "data": [
      {
        "text": "open the information page about the ",
        "userDefined": false
      },
      {
        "text": "sports shorts",
        "meta": "@product",
        "alias": "product",
        "userDefined": false
      }
    ],
    "isTemplate": false,
    "count": 0,
    "lang": "en",
    "updated": 0
  },
  {
    "id": "a190d306-497f-4566-80dc-deb12ea1d71f",
    "data": [
      {
        "text": "show me information about the ",
        "userDefined": false
      },
      {
        "text": "white wisconsin visor",
        "meta": "@product",
        "alias": "product",
        "userDefined": true
      }
    ],
    "isTemplate": false,
    "count": 0,
    "lang": "en",
    "updated": 0
  },
  {
    "id": "0375c156-aebe-4601-b183-ee31aa970dcf",
    "data": [
      {
        "text": "what are some details of the ",
        "userDefined": false
      },
      {
        "text": "wisconsin leggings",
        "meta": "@product",
        "alias": "product",
        "userDefined": true
      }
    ],
    "isTemplate": false,
    "count": 0,
    "lang": "en",
    "updated": 0
  },
  {
    "id": "6a3f7ce2-5730-4bd6-a977-3a69ad5df35d",
    "data": [
      {
        "text": "show me the details of the ",
        "userDefined": false
      },
      {
        "text": "jump around T-shirt",
        "meta": "@product",
        "alias": "product",
        "userDefined": false
      }
    ],
    "isTemplate": false,
    "count": 0,
    "lang": "en",
    "updated": 0
  },
  {
    "id": "fe101821-e67e-4d64-9d37-a0f1b9053812",
    "data": [
      {
        "text": "please show me more about the ",
        "userDefined": false
      },
      {
        "text": "bucky sweatshirt",
        "meta": "@product",
        "alias": "product",
        "userDefined": false
      }
    ],
    "isTemplate": false,
    "count": 0,
    "lang": "en",
    "updated": 0
  },
  {
    "id": "bb62e138-aeed-4142-a9bf-ae985c89d3e9",
    "data": [
      {
        "text": "show me the information of the ",
        "userDefined": false
      },
      {
        "text": "wisconsin running shorts",
        "meta": "@product",
        "alias": "product",
        "userDefined": true
      }
    ],
    "isTemplate": false,
    "count": 0,
    "lang": "en",
    "updated": 0
  }
]