[
  {
    "id": "7655130b-d085-4802-9a79-9e88a2865ec6",
    "data": [
      {
        "text": "what did I buy",
        "userDefined": false
      }
    ],
    "isTemplate": false,
    "count": 0,
    "lang": "en",
    "updated": 0
  },
  {
    "id": "910f7c53-89c4-4cd3-a7c0-e495402f2ce8",
    "data": [
      {
        "text": "show me what I have bought",
        "userDefined": false
      }
    ],
    "isTemplate": false,
    "count": 0,
    "lang": "en",
    "updated": 0
  },
  {
    "id": "b76c5ab5-a05e-4378-ab3f-05193841b788",
    "data": [
      {
        "text": "what have I purchased",
        "userDefined": false
      }
    ],
    "isTemplate": false,
    "count": 0,
    "lang": "en",
    "updated": 0
  },
  {
    "id": "198c8d5f-9671-4e73-b29b-18f3aea41c31",
    "data": [
      {
        "text": "what are the items in the cart",
        "userDefined": false
      }
    ],
    "isTemplate": false,
    "count": 0,
    "lang": "en",
    "updated": 0
  },
  {
    "id": "0bea9065-01a0-4b57-a1d4-765767f68e21",
    "data": [
      {
        "text": "what do I have in my cart",
        "userDefined": false
      }
    ],
    "isTemplate": false,
    "count": 0,
    "lang": "en",
    "updated": 0
  },
  {
    "id": "41c8a668-b083-48f6-b25b-5ed91c8c0598",
    "data": [
      {
        "text": "can you tell me how many items are there in my cart",
        "userDefined": false
      }
    ],
    "isTemplate": false,
    "count": 0,
    "lang": "en",
    "updated": 0
  },
  {
    "id": "ba8e13c4-f974-4e72-93fd-afa4a7b78137",
    "data": [
      {
        "text": "what\u0027s in my cart",
        "userDefined": false
      }
    ],
    "isTemplate": false,
    "count": 0,
    "lang": "en",
    "updated": 0
  },
  {
    "id": "e9987717-2589-4760-a675-44b7d6984ab2",
    "data": [
      {
        "text": "how many items are there in the cart",
        "userDefined": false
      }
    ],
    "isTemplate": false,
    "count": 0,
    "lang": "en",
    "updated": 0
  },
  {
    "id": "b8c0d05e-6297-458d-ad5b-29ef522625ce",
    "data": [
      {
        "text": "please show me the items in the cart",
        "userDefined": false
      }
    ],
    "isTemplate": false,
    "count": 0,
    "lang": "en",
    "updated": 0
  },
  {
    "id": "33d91929-559d-4300-a609-83811649d6ca",
    "data": [
      {
        "text": "show me what\u0027s in the cart",
        "userDefined": false
      }
    ],
    "isTemplate": false,
    "count": 0,
    "lang": "en",
    "updated": 0
  }
]