[
  {
    "id": "0387140b-10ac-4551-9cc9-0e78bd28fdfa",
    "data": [
      {
        "text": "total price of items in the cart",
        "userDefined": false
      }
    ],
    "isTemplate": false,
    "count": 0,
    "lang": "en",
    "updated": 0
  },
  {
    "id": "fe14f746-f358-41f3-bbdf-5803f1d91f76",
    "data": [
      {
        "text": "can you tell me the total price of the items in the cart",
        "userDefined": false
      }
    ],
    "isTemplate": false,
    "count": 0,
    "lang": "en",
    "updated": 0
  },
  {
    "id": "38eb6ac6-361c-4ec8-a0c3-b6971be9bb25",
    "data": [
      {
        "text": "I want to know how much I spend on the cart items",
        "userDefined": false
      }
    ],
    "isTemplate": false,
    "count": 0,
    "lang": "en",
    "updated": 0
  },
  {
    "id": "44e2de04-6dfc-4c86-b2cb-197505ca65aa",
    "data": [
      {
        "text": "show me how much items in the cart cost",
        "userDefined": false
      }
    ],
    "isTemplate": false,
    "count": 0,
    "lang": "en",
    "updated": 0
  },
  {
    "id": "acf34568-cb24-42ea-ad9e-685622236dce",
    "data": [
      {
        "text": "show me the total price of items in the cart",
        "userDefined": false
      }
    ],
    "isTemplate": false,
    "count": 0,
    "lang": "en",
    "updated": 0
  },
  {
    "id": "c64c62ba-9d1d-424f-9ea0-cdf115d7908e",
    "data": [
      {
        "text": "show me the total cost",
        "userDefined": false
      }
    ],
    "isTemplate": false,
    "count": 0,
    "lang": "en",
    "updated": 0
  },
  {
    "id": "ba9f706a-0b46-49bf-80ca-3442974597ae",
    "data": [
      {
        "text": "what\u0027s the total price of the items in the cart",
        "userDefined": false
      }
    ],
    "isTemplate": false,
    "count": 0,
    "lang": "en",
    "updated": 0
  },
  {
    "id": "ba7342b5-29de-407b-b6a2-ee0f5dc29eaf",
    "data": [
      {
        "text": "how much do items in the cart cost",
        "userDefined": false
      }
    ],
    "isTemplate": false,
    "count": 0,
    "lang": "en",
    "updated": 0
  },
  {
    "id": "e4bca715-7c6c-49ec-9bf6-8b1937da52a6",
    "data": [
      {
        "text": "how much are the items in the cart",
        "userDefined": false
      }
    ],
    "isTemplate": false,
    "count": 0,
    "lang": "en",
    "updated": 0
  },
  {
    "id": "6965d5e4-6785-4e5f-8e04-44c46f2f047e",
    "data": [
      {
        "text": "what\u0027s the total cost of the items in the cart",
        "userDefined": false
      }
    ],
    "isTemplate": false,
    "count": 0,
    "lang": "en",
    "updated": 0
  }
]