[
  {
    "id": "30810beb-4e3e-457a-85f3-a20b29973165",
    "data": [
      {
        "text": "I want to know more about the ratings of ",
        "userDefined": false
      },
      {
        "text": "bucky sweatshirt",
        "meta": "@product",
        "alias": "product",
        "userDefined": false
      }
    ],
    "isTemplate": false,
    "count": 0,
    "lang": "en",
    "updated": 0
  },
  {
    "id": "4bdd83db-58e7-4c54-af39-ee53feb52416",
    "data": [
      {
        "text": "show me the rating information about the ",
        "userDefined": false
      },
      {
        "text": "bucky badger plush",
        "meta": "@product",
        "alias": "product",
        "userDefined": false
      }
    ],
    "isTemplate": false,
    "count": 0,
    "lang": "en",
    "updated": 0
  },
  {
    "id": "4774fe86-06a4-4d34-9cb4-71c1a27a9f2b",
    "data": [
      {
        "text": "I want to know more ",
        "userDefined": false
      },
      {
        "text": "reviews",
        "meta": "@sys.ignore",
        "userDefined": false
      },
      {
        "text": " about the ",
        "userDefined": false
      },
      {
        "text": "bucky badger plush",
        "meta": "@product",
        "alias": "product",
        "userDefined": false
      }
    ],
    "isTemplate": false,
    "count": 0,
    "lang": "en",
    "updated": 0
  },
  {
    "id": "036a9930-6012-42ee-9932-19c3aac7c31c",
    "data": [
      {
        "text": "show me some ",
        "userDefined": false
      },
      {
        "text": "reviews",
        "meta": "@sys.ignore",
        "userDefined": false
      },
      {
        "text": " of the ",
        "userDefined": false
      },
      {
        "text": "wisconsin football hat",
        "meta": "@product",
        "alias": "product",
        "userDefined": false
      }
    ],
    "isTemplate": false,
    "count": 0,
    "lang": "en",
    "updated": 0
  },
  {
    "id": "8478a87b-3917-4d83-a9e5-910f2ee8ab76",
    "data": [
      {
        "text": "open the ",
        "userDefined": false
      },
      {
        "text": "review",
        "meta": "@sys.ignore",
        "userDefined": false
      },
      {
        "text": " page about the ",
        "userDefined": false
      },
      {
        "text": "sports shorts",
        "meta": "@product",
        "alias": "product",
        "userDefined": false
      }
    ],
    "isTemplate": false,
    "count": 0,
    "lang": "en",
    "updated": 0
  },
  {
    "id": "5d615600-14cc-489d-b206-37127cf2e3d7",
    "data": [
      {
        "text": "show me the rating about the ",
        "userDefined": false
      },
      {
        "text": "white wisconsin visor",
        "meta": "@product",
        "alias": "product",
        "userDefined": false
      }
    ],
    "isTemplate": false,
    "count": 0,
    "lang": "en",
    "updated": 0
  },
  {
    "id": "be8ad4be-0b70-4a5a-854e-af181b9cb4b3",
    "data": [
      {
        "text": "what are some ",
        "userDefined": false
      },
      {
        "text": "reviews",
        "meta": "@sys.ignore",
        "userDefined": false
      },
      {
        "text": " of the ",
        "userDefined": false
      },
      {
        "text": "wisconsin leggings",
        "meta": "@product",
        "alias": "product",
        "userDefined": false
      }
    ],
    "isTemplate": false,
    "count": 0,
    "lang": "en",
    "updated": 0
  },
  {
    "id": "9b4488e8-4a1d-4254-83e3-d673720c7521",
    "data": [
      {
        "text": "show me the ",
        "userDefined": false
      },
      {
        "text": "reviews",
        "meta": "@sys.ignore",
        "userDefined": false
      },
      {
        "text": " of the ",
        "userDefined": false
      },
      {
        "text": "jump around T-shirt",
        "meta": "@product",
        "alias": "product",
        "userDefined": false
      }
    ],
    "isTemplate": false,
    "count": 0,
    "lang": "en",
    "updated": 0
  },
  {
    "id": "a4d5ab0d-6821-4c5c-910d-732afc50df3d",
    "data": [
      {
        "text": "please show me the ratings about the ",
        "userDefined": false
      },
      {
        "text": "bucky sweatshirt",
        "meta": "@product",
        "alias": "product",
        "userDefined": false
      }
    ],
    "isTemplate": false,
    "count": 0,
    "lang": "en",
    "updated": 0
  },
  {
    "id": "86a5904b-88a8-4b41-b071-3974104ef7bb",
    "data": [
      {
        "text": "show me the ",
        "userDefined": false
      },
      {
        "text": "reviews",
        "meta": "@sys.ignore",
        "userDefined": false
      },
      {
        "text": " of the ",
        "userDefined": false
      },
      {
        "text": "wisconsin running shorts",
        "meta": "@product",
        "alias": "product",
        "userDefined": false
      }
    ],
    "isTemplate": false,
    "count": 0,
    "lang": "en",
    "updated": 0
  }
]